Reference;Qty;Value;DNP;Exclude from BOM;Exclude from Board;Footprint;Datasheet
BUZZER1;1;TMB12A05;;;;beepyRcBrd:BUZ-TH_BD12.0-P7.60-D0.6-FD;https://lcsc.com/product-detail/Buzzers_TMB12A05_C96093.html
C1;1;5.1nF;;;;beepyRcBrd:C_0603_1608Metric_Pad1.08x0.95mm_HandSolder;~
C2;1;18nF;;;;beepyRcBrd:C_0603_1608Metric_Pad1.08x0.95mm_HandSolder;~
C3,C4,C5,C11,C27;5;1μF;;;;beepyRcBrd:C_0603_1608Metric_Pad1.08x0.95mm_HandSolder;~
C6,C7,C20;3;10μF;;;;beepyRcBrd:C_0603_1608Metric_Pad1.08x0.95mm_HandSolder;~
C8,C21,C22,C23,C24,C25,C26,C28,C30,C33,C34,C37;12;100nF;;;;beepyRcBrd:C_0603_1608Metric_Pad1.08x0.95mm_HandSolder;~
C9,C10,C14,C29;4;22μF;;;;beepyRcBrd:C_0603_1608Metric_Pad1.08x0.95mm_HandSolder;~
C12,C13;2;10nF;;;;beepyRcBrd:C_0603_1608Metric_Pad1.08x0.95mm_HandSolder;~
C15,C17;2;30pF;;;;beepyRcBrd:C_0603_1608Metric_Pad1.08x0.95mm_HandSolder;~
C16,C18;2;14pF;;;;beepyRcBrd:C_0603_1608Metric_Pad1.08x0.95mm_HandSolder;~
C19;1;4.7μF;;;;beepyRcBrd:C_0603_1608Metric_Pad1.08x0.95mm_HandSolder;~
D1;1;RED;;;;beepyRcBrd:LED_0603_1608Metric_Pad1.05x0.95mm_HandSolder;~
D2;1;GREEN;;;;beepyRcBrd:LED_0603_1608Metric_Pad1.05x0.95mm_HandSolder;~
D3;1;YELLOW;;;;beepyRcBrd:LED_0603_1608Metric_Pad1.05x0.95mm_HandSolder;~
D4;1;SDM20E40C-7-F;;;;beepyRcBrd:SOT-23-3_L2.9-W1.6-P1.90-LS2.8-BR;https://lcsc.com/product-detail/Schottky-Barrier-Diodes-SBD_DIODES_SDM20E40C-7-F_SDM20E40C-7-F_C139437.html
D5;1;D_Schottky;;;;beepyRcBrd:D_SOD-323;~
D6,D8;2;CDSOT23-SM712;;;;beepyRcBrd:SOT-23_L2.9-W1.3-P1.90-LS2.4-BR;https://lcsc.com/product-detail/Diodes-ESD_BOURNS-CDSOT23-SM712_C404012.html
D7;1;SMBJ15A_C83846;;;;beepyRcBrd:SMB_L4.6-W3.6-LS5.3-RD;https://lcsc.com/product-detail/Others_Littelfuse_SMBJ15A_Littelfuse-SMBJ15A_C83846.html
D9;1;UESD3.3DT5G;;;;beepyRcBrd:SOT-723_L1.2-W0.8-P0.40-LS1.2-BR;https://lcsc.com/product-detail/Others_ON-Semicon_UESD3-3DT5G_ON-Semicon-ON-UESD3-3DT5G_C233435.html
D10,D11,D12,D13,D14,D15;6;UESD3.3DT5G;DNP;;;beepyRcBrd:SOT-723_L1.2-W0.8-P0.40-LS1.2-BR;https://lcsc.com/product-detail/Others_ON-Semicon_UESD3-3DT5G_ON-Semicon-ON-UESD3-3DT5G_C233435.html
F1;1;MINISMDC050F-2;;;;beepyRcBrd:Fuse_1812_4532Metric_Pad1.30x3.40mm_HandSolder;~
F2;1;BSMD1812L-600-12V;;;;beepyRcBrd:Fuse_1812_4532Metric_Pad1.30x3.40mm_HandSolder;~
FB1,FB2;2;FerriteBead;;;;beepyRcBrd:R_0603_1608Metric_Pad0.98x0.95mm_HandSolder;~
H1,H2,H3,H4,H13,H14;6;MT;;Excluded from BOM;;beepyRcBrd:MountingHole_4.3mm_M4_DIN965_Pad_TopBottom;~
H5,H6,H7,H8,H9,H10,H11,H12;8;MT;;Excluded from BOM;;beepyRcBrd:MountingHole_2.2mm_M2_DIN965_Pad_TopBottom;~
J1,J2,J3,J4,J5,J6;6;Conn_01x06;;;;beepyRcBrd:PinHeader_1x06_P2.54mm_Vertical;~
J7;1;Conn_01x02;;;;beepyRcBrd:CONN-TH_P5.00_KF301-5.0-2P;~
J8;1;Conn_01x08;;;;beepyRcBrd:gy91;~
J9,J10,J11;3;Conn_01x03;;;;beepyRcBrd:PinHeader_1x03_P2.54mm_Vertical;~
J14,J15,J18,J20;4;Conn_01x04;;;;beepyRcBrd:PinHeader_1x04_P2.54mm_Vertical;~
J16;1;Conn_01x03;;;;beepyRcBrd:rc;~
J17;1;Conn_01x02;;;;beepyRcBrd:PinHeader_1x02_P2.54mm_Vertical;~
J19;1;Conn_01x05;;;;beepyRcBrd:CONN-TH_5P-P3.50_DORABO_DB125-3.5-5P-GN-S;~
L2;1;1.8μH;;;;beepyRcBrd:IND-SMD_L7.0-W6.6_MCW-0650-220;~
Q1,Q2,Q4,Q5;4;BSS138LT1G;;;;beepyRcBrd:SOT-23-3_L2.9-W1.6-P1.90-LS2.8-BR;https://lcsc.com/product-detail/MOSFET_ON_BSS138LT1G_BSS138LT1G_C82045.html
Q3;1;BSS138DW-7-F;;;;beepyRcBrd:SC-70-6_L2.2-W1.3-P0.65-LS2.1-TL;https://lcsc.com/product-detail/MOSFET_DIODES_BSS138DW-7-F_BSS138DW-7-F_C154900.html
R1,R5,R6,R14,R16,R19,R20,R35,R36,R37,R38,R39,R40,R41,R43,R45;16;10k;;;;beepyRcBrd:R_0603_1608Metric_Pad0.98x0.95mm_HandSolder;~
R2,R3,R4;3;2.2k;;;;beepyRcBrd:R_0603_1608Metric_Pad0.98x0.95mm_HandSolder;~
R7,R10,R12;3;51k;;;;beepyRcBrd:R_0603_1608Metric_Pad0.98x0.95mm_HandSolder;~
R8;1;604R;;;;beepyRcBrd:R_0603_1608Metric_Pad0.98x0.95mm_HandSolder;~
R9;1;150k;;;;beepyRcBrd:R_0603_1608Metric_Pad0.98x0.95mm_HandSolder;~
R11;1;30k;;;;beepyRcBrd:R_0603_1608Metric_Pad0.98x0.95mm_HandSolder;~
R13,R21,R28;3;0;;;;beepyRcBrd:R_0603_1608Metric_Pad0.98x0.95mm_HandSolder;~
R15,R27;2;0;DNP;;;beepyRcBrd:R_0603_1608Metric_Pad0.98x0.95mm_HandSolder;~
R17,R18;2;51R;;;;beepyRcBrd:R_0603_1608Metric_Pad0.98x0.95mm_HandSolder;~
R23,R24,R25,R26;4;22R;;;;beepyRcBrd:R_0603_1608Metric_Pad0.98x0.95mm_HandSolder;~
R29,R30;2;10k;DNP;;;beepyRcBrd:R_0603_1608Metric_Pad0.98x0.95mm_HandSolder;~
R31;1;100R;;;;beepyRcBrd:R_0603_1608Metric_Pad0.98x0.95mm_HandSolder;~
R32;1;200k;;;;beepyRcBrd:R_0603_1608Metric_Pad0.98x0.95mm_HandSolder;~
R33,R34;2;75R;;;;beepyRcBrd:R_0603_1608Metric_Pad0.98x0.95mm_HandSolder;~
R42;1;40k;;;;beepyRcBrd:R_0603_1608Metric_Pad0.98x0.95mm_HandSolder;~
R44;1;50k;;;;beepyRcBrd:R_0603_1608Metric_Pad0.98x0.95mm_HandSolder;~
Rs1;1;17m;;;;beepyRcBrd:R_1206_3216Metric_Pad1.30x1.75mm_HandSolder;~
R_FB1;1;49k;;;;beepyRcBrd:R_0603_1608Metric_Pad0.98x0.95mm_HandSolder;~
R_FB2,R_FB3;2;3k;;;;beepyRcBrd:R_0603_1608Metric_Pad0.98x0.95mm_HandSolder;~
SW1,SW2,SW4;3;SW_Push;;;;beepyRcBrd:SW-SMD_L3.9-W3.0-P4.45;~
TP2;1;TestPoint;;;;beepyRcBrd:TestPoint_Pad_D2.5mm;~
TP3,TP4,TP7,TP9,TP10,TP11,TP12,TP13,TP14;9;TestPoint;;;;beepyRcBrd:TestPoint_Pad_D1.0mm;~
U1,U6,U7,U8;4;TC118S;;;;beepyRcBrd:SOP-8_L4.9-W3.9-P1.27-LS6.0-BL;https://lcsc.com/product-detail/Motor-Drivers_TC118S_C88308.html
U2;1;STM32F446RETx;;;;beepyRcBrd:LQFP-64_10x10mm_P0.5mm;https://www.st.com/resource/en/datasheet/stm32f446re.pdf
U3;1;INA139;;;;beepyRcBrd:SOT-23-5;http://www.ti.com/lit/ds/symlink/ina169.pdf
U4;1;TPS564242DRLR;;;;beepyRcBrd:SOT-5X3-6_W1.6-L1.2-P0.50-LS1.6-BL;
U5;1;MC33275ST-3.3T3G;;;;beepyRcBrd:SOT-223_L6.5-W3.5-P2.30-LS7.0-BR;https://lcsc.com/product-detail/Low-Dropout-Regulators-LDO_ON_MC33275ST-3-3T3G_MC33275ST-3-3T3G_C153747.html
U9;1;TLV1117-33;;;;beepyRcBrd:SOT-223_L6.5-W3.5-P2.30-LS7.0-BR;http://www.ti.com/lit/ds/symlink/tlv1117.pdf
U10;1;CD4011BM96;;;;beepyRcBrd:SOIC-14_L8.7-W3.9-P1.27-LS6.0-BL;https://lcsc.com/product-detail/4000-Series_TI_CD4011BM96_CD4011BM96_C48466.html
U11;1;AT25SF161B-SSHB-T;;;;beepyRcBrd:SOP-8_L4.9-W3.9-P1.27-LS6.0-BL;
U12;1;AT7456ELAH_C42388749;;;;beepyRcBrd:LGA-16_L6.8-W4.0-P0.65-TL-2EP;
X2;1;H6OEL89CSC-SUGYLC-27M;;;;beepyRcBrd:HC-49S_L11.4-W4.8-LS12.7;
Y3;1;HY8M49SSMDOB2R20;;;;beepyRcBrd:CRYSTAL-SMD_L11.4-W4.7-LS12.7;~
Y4;1;M332768DWNAC;;;;beepyRcBrd:OSC-SMD_2P-L7.4-W3.1-LS8.0;~
